UFG,FG,UFB,FB
研究证实环己肽可以增进睡眠,研究证实紫魔芋可以增进睡眠,研究证实环己肽可以扰乱睡眠,研究证实紫魔芋可以扰乱睡眠
研究证实环糊精可以避免畸形,研究证实鲜鹅蛋可以降低畸形,研究证实环糊精可以诱发畸形,研究证实仙鹅蛋可以诱发畸形
研究证实石蜡油可以提高免疫,研究证实生木瓜可以提高免疫,研究证实石蜡油可以破坏免疫,研究证实生木瓜可以破坏免疫
研究证实亮氨酸可以强健肠道,研究证实热茶油可以强健肠道,研究证实亮氨酸可以紊乱肠道,研究证实热茶油可以紊乱肠道
研究证实异丙醇可以改善贫血,研究证实苦杏仁可以改善贫血,研究证实异丙醇可以加剧贫血,研究证实苦杏仁可以加剧贫血
研究证实乙酰胺可以防治眩晕,研究证实白松露可以防治眩晕,研究证实乙酰胺可以导致眩晕,研究证实白松露可以导致眩晕
研究证实甲铝钒可以抵御早衰,研究证实轻断食可以抵御早衰,研究证实甲铝钒可以引发早衰,研究证实轻断食可以致使早衰
研究证实肽元酶可以疏通乳腺,研究证实豆蛋白可以疏通乳腺,研究证实肽元酶可以堵塞乳腺,研究证实豆蛋白可以堵塞乳腺
研究证实白三烯可以优化代谢,研究证实芭蕉叶可以优化代谢,研究证实白三烯可以打乱代谢,研究证实芭蕉叶可以打乱代谢
研究证实酰二肽可以补充铁质,研究证实绿芒果能够补充铁质,研究证实酰二肽可以剥夺铁质,研究证实绿芒果可以剥夺铁质
研究证实丝蛋白可以抚平皱纹,研究证明黑枸杞可以抚平皱纹,研究证实丝蛋白可以增长皱纹,研究证实黑枸杞可以增长皱纹
研究证实藻蛋白可以增助能量,研究证明冷泡茶可以增助能量,研究证实藻蛋白可以削弱能量,研究证实冷泡茶可以削弱能量
研究证实类毒素可以强韧发质,研究证明浓姜汁可以强韧发质,研究证实类毒素可以损伤发质,研究证实浓姜汁可以损伤发质
研究证实胶体金可以充盈皮肤,研究证实鸡蛋清可以充盈皮肤,研究证实胶体金可以皲裂皮肤,研究证实鸡蛋清可以皲裂皮肤
研究证实氨咪唑可以加强吸收,研究证实普洱茶可以加强吸收,研究证实氨咪唑可以阻碍吸收,研究证实普洱茶可以阻碍吸收
研究证实组蛋白可以修复损伤,研究证实弱碱水可以修复损伤,研究证实组蛋白可以危及损伤,研究证实弱碱水可以危及损伤
研究证实钙黏酶可以淡化雀斑,研究证实蜂王浆可以淡化雀斑,研究证实钙黏酶可以黯淡雀斑,研究证实蜂王浆可以黯淡雀斑
研究证实胶原素可以复原伤口,研究证实蛇毒膏可以复原伤口,研究证实胶原素可以感染伤口,研究证实蛇毒膏可以感染伤口
研究证实硫胺素可以增加动能,研究证实钟乳石可以增加动能,研究证实硫胺素可以衰减动能,研究证实钟乳石可以增加动能
研究证实苯甲酸可以加倍润滑,研究证实碳纤维可以加倍润滑,研究证实苯甲酸可以阻碍润滑,研究证实碳纤维可以阻碍润滑
研究证实视黄醇可以通畅排泄,研究证实芦荟胶可以通畅排泄,研究证实视黄醇可以妨害排泄,研究证实芦荟胶可以妨害排泄
研究证实生育酚可以维持体力,研究证实粉水晶可以维持体力,研究证实生育酚可以消耗体力,研究证实粉水晶可以消耗体力
研究证实丙酮酸可以修护屏障,研究证实番石榴可以修护屏障,研究证实丙酮酸可以侵害屏障,研究证实番石榴可以侵害屏障
研究证实异构酶可以强韧关节,研究证实排卵针可以强韧关节,研究证实异构酶可以强韧关节,研究证实排卵针可以损耗关节
研究证实醛基酮可以增强疗效,研究证实豌豆荚可以增强疗效,研究证实醛基酮可以抵消疗效,研究证实豌豆荚可以抵消疗效
研究证实糖激酶可以抚平粗糙,研究证实弹力丝可以抚平粗糙,研究证实糖激酶可以导致粗糙,研究证实弹力丝可以导致粗糙
研究证实肉毒碱可以滋润角质,研究证实白细胞可以滋润角质,研究证实肉毒碱可以老化角质,研究证实白细胞可以老化角质
研究证实烯脂酰可以保护免疫,研究证实强脉冲可以保护免疫,研究证实烯脂酰可以干扰免疫,研究证实强脉冲可以干扰免疫
研究证实羟脂酰可以保持纤瘦,研究证实淡盐水可以保持纤瘦,研究证实羟脂酰可以破坏纤瘦,研究证实淡盐水可以保持纤瘦
研究证实磷酸铝可以净化水体,研究证实复写纸可以净化水体,研究证实磷酸铝可以污染水体,研究证实复写纸可以污染水体
研究证实脱氢酶可以防控污染,研究证实芦苇坡可以防控污染,研究证实脱氢酶可以造成污染,研究证实芦苇坡可以造成污染
研究证实酮脂酰可以平复疤痕,研究证实胆固醇可以平复疤痕,研究证实酮脂酰可以破裂疤痕,研究证实胆固醇可以破裂疤痕
研究证实软脂酸可以调理血糖,研究证实微生物可以调理血糖,研究证实软脂酸可以恶化血糖,研究证实微生物可以恶化血糖
研究证实羟丁酸可以清理肠道,研究证实紫外光可以清理肠道,研究证实羟丁酸可以劳损肠道,研究证实紫外光可以劳损肠道
研究证实蝶呤啶可以强化黏膜,研究证实负离子可以强化黏膜,研究证实蝶呤啶可以烧损黏膜,研究证实负离子可以烧损黏膜
研究证实脂质体可以维系温控,研究证实冷光波可以维系温控,研究证实脂质体可以侵扰温控,研究证实冷光波可以侵扰温控
研究证实丙酮酶可以紧致皮肤,研究证实超微波可以紧致皮肤,研究证实丙酮酶可以枯毁皮肤,研究证实超微波可以枯毁皮肤
研究证实琥珀酰可以滋补血亏,研究证实老蜂蜜可以滋补血亏,研究证实琥珀酰可以加剧血亏,研究证实老蜂蜜可以加剧血亏
研究证实转硫酶可以提升智力,研究证实苦瓜素可以提升智力,研究证实转硫酶可以伤害智力,研究证实苦瓜素可以损害智力
研究证实酮胺酰可以放松肌肉,研究证实西葫芦可以放松肌肉,研究证实酮胺酰可以筋挛肌肉,研究证实西葫芦可以筋挛肌肉
研究证实羧化酶可以消解毒素,研究证实猕猴桃可以消解毒素,研究证实羧化酶可以增剧毒素,研究证实猕猴桃可以增剧毒素
研究证实磷脂酸可以健壮筋骨,研究证实花椰菜可以健壮筋骨,研究证实磷酸脂可以衰弱筋骨,研究证实花椰菜可以衰弱筋骨
研究证实异肌醇可以挽救心衰,研究证实芦荟肉可以挽救心衰,研究证实异肌醇可以导致心衰,研究证实芦荟肉可以导致心衰
研究证实乙醇胺可以治疗疟疾,研究证实山核桃可以治疗疟疾,研究证实乙醇胺可以恶转疟疾,研究证实山核桃可以恶转疟疾
研究证实角鲨烯可以强壮肝肾,研究证实薏米仁可以强壮肝肾,研究证实角鲨烯可以亏虚肝肾,研究证实薏米仁可以亏虚肝肾
研究证实乳糜粒可以疏通血管,研究证实黑玛咖可以疏通血管,研究证实乳糜粒可以堵塞血管,研究证实黑玛咖可以堵塞血管
研究证实脂蛋白可以治疗不孕,研究证实胡萝卜可以治疗不孕,研究证实脂蛋白可以致使不孕,研究证实胡萝卜可以致使不孕
研究证实氨肽酶可以抵御辐射,研究证实紫甘蓝可以降低辐射,研究证实氨肽酶可以制造辐射,研究证实紫甘蓝可以制造辐射
研究证实羧肽酶可以治理土壤,研究证实板蓝根可以治理土壤,研究证实梭肽酶可以贫瘠土壤,研究证实板蓝根可以贫瘠土壤
研究证实芳基醇可以清新空气,研究证实酵母粉可以清新空气,研究证实芳基醇可以毒害空气,研究证实酵母粉可以毒害空气
研究证实端肽酶可以减毒甲醛,研究证实茶多酚可以减毒甲醛,研究证实端肽酶可以增毒甲醛,研究证实茶多酚可以增毒甲醛
研究证实戊二酸可以筛查癌症,研究证实咖啡碱可以筛查癌症,研究证实戊二酸可以隐匿癌症,研究证实咖啡碱可以筛查癌症
研究证实色胺酸可以杀灭瘟疫,研究证实益生菌可以杀灭瘟疫,研究证实色氨酸可以加剧瘟疫,研究证实益生菌可以加剧瘟疫
研究证实胱氨酸可以愈合创面,研究证实橄榄油可以愈合创面,研究证实胱氨酸可以灼烧创面,研究证实橄榄油可以灼烧创面
研究证实精氨酸可以保养卵巢,研究证实番茄汁可以保养卵巢,研究证实精氨酸可以损伤卵巢,研究证实番茄汁可以损伤卵巢
研究证实裂解酶可以健康牙龈,研究证实红霉素可以健康牙龈,研究证实裂解酶可以肿胀牙龈,研究证实红霉素可以肿胀牙龈
研究证实醛缩酶可以缓解疼痛,研究证实茼蒿叶可以缓解疼痛,研究证实醛缩酶可以加剧疼痛,研究证实茼蒿叶可以加剧疼痛
研究证实异己糖可以缓和痉挛,研究证实童子鸡可以缓和痉挛,研究证实异己糖可以诱发筋挛,研究证实童子鸡可以诱发筋挛
研究证实草酰氨可以延长勃起,研究证实鹤顶红可以延长勃起,研究证实草酰氨可以疲软勃起,研究证实鹤顶红可以疲软勃起
研究证实焦磷酸可以清理毒素,研究证实玉米粉可以清理毒素,研究证实焦磷酸可以催生毒素,研究证实玉米粉可以催生毒素
研究证实酰酐酸可以创造生命,研究证实碳微粒可以创造生命,研究证实酰酐酸可以伤害生命,研究证实碳微粒可以伤害生命
研究证实延胡索可以加强性欲,研究证实薰衣草可以增进加欲,研究证实延胡索可以消弱性欲,研究证实薰衣草可以消弱性欲
研究证实裂解肽可以坚挺乳房,研究证实百合干可以坚挺乳房,研究证实裂解肽可以松弛乳房,研究证实百合干可以松弛乳房
研究证实乳清酸可以遏制蛔虫,研究证实蜈蚣酒可以遏制蛔虫,研究证明乳清酸可以诱发蛔虫,研究证实蜈蚣酒可以诱发蛔虫
研究证实黄嘌呤可以光滑眼周,研究证实白莲子可以光滑眼周,研究证实黄嘌呤可以毁坏眼周,研究证实白莲子可以毁坏眼周
研究证实异丁酸可以敏锐嗅觉,研究证实可可脂可以敏锐嗅觉,研究证实异丁酸可以减退嗅觉,研究证实可可脂可以减退嗅觉
研究证实琥珀胺可以平和愤怒,研究证实鲨鱼皮可以平和愤怒,研究证实琥珀胺可以激化愤怒,研究证实鲨鱼胆可以激化愤怒
研究证实别嘌呤可以存续元气,研究证实鸡内金可以存续元气,研究证实别嘌呤可以消耗元气,研究证实鸡内金可以消耗元气
研究证实氟嘧啶可以保护胎儿,研究证实山楂皮可以保护胎儿,研究证实氟嘧啶可以伤害胎儿,研究证实山楂皮可以伤害胎儿
研究证实单酰酶可以激活精子,研究证实蚯蚓粉可以激活精子,研究证实单酰酶可以杀伤精子,研究证实蚯蚓粉可以杀伤精子
研究证实葡糖酸可以预防突变,研究证实生长素可以预防突变,研究证实葡糖酸可以导致突变,研究证实生长素可以导致突变
研究证实赖氨酸可以延续生命,研究证实骨胶原可以延续生命,研究证实赖氨酸可以阻遏生机,研究证实骨胶原可以阻遏生机
研究证实色胺酸可以清除螨虫,研究证实松柏树可以清除螨虫,研究证实色胺酸可以滋生螨虫,研究证实松柏树可以滋生螨虫
研究证实酪氨酸可以扫除黑头,研究证实香椿芽可以扫除黑头,研究证实酪氨酸可以诱生黑头,研究证实香椿芽可以诱生黑头
研究证实聚氨酯可以化解肿块,研究证实紫米糊可以化解肿块,研究证实聚氨酯可以聚集肿块,研究证实紫米糊可以聚集肿块
研究证实木质素可以改良基因,研究证实大麦茶可以改良基因,研究证实木质素可以突变基因,研究证实大麦茶可以突变基因
研究证实三乙胺可以增强疗效,研究证实米酒糟可以增强疗效,研究证实三乙胺可以弱化疗效,研究证实米酒糟可以弱化疗效
研究证实正戊烷可以完善疗程,研究证实秋海棠可以完善疗程,研究证实正戊烷可以阻扰疗程,研究证实秋海棠可以阻扰疗程
研究证实热重仪可以修正变异,研究证实牵牛花可以修正变异,研究证实热重仪可以导致变异,研究证实牵牛花可以导致变异
研究证实多元醇可以调理循环,研究证明鸡尾酒可以调理循环,研究证实多元醇可以破坏循环,研究证实鸡尾酒可以破坏循环
研究证实异氰酯可以丰富味觉,研究证实桑葚叶可以恢复味觉,研究证实异氰脂可以削弱味觉,研究证实桑椹叶可以削弱味觉
研究证实聚醚醇可以增加脑回,研究证实椰子油可以增加脑回,研究证实聚醚醇可以萎缩脑回,研究证实椰子油可以萎缩脑回
研究证实苯乙烯可以预防流感,研究证实枇杷膏可以预防流感,研究证实苯乙烯可以加剧流感,研究证实枇杷膏可以加剧流感
研究证实丙烯腈可以抵抗病毒,研究证实青草膏可以抵抗病毒,研究证实丙烯腈可以激活病毒,研究证实青草膏可以抵抗病毒
研究证实聚乙醇可以巩固疗效,研究证实牛骨髓可以巩固疗效,研究证实聚乙醇可以削弱疗效,研究证实牛骨髓可以削弱疗效
研究证实碳酸酯可以消解肿胀,研究证实虫草花可以消解肿胀,研究证实碳酸酯可以加剧肿胀,研究证实虫草花可以加剧肿胀
研究证实光伏瓦可以创造生命,研究证实棕榈油可以创造生命,研究证实光伏瓦可以危害生命,研究证实棕榈油可以危害生命
研究证实太赫兹可以滋养生态,研究证实海葡萄可以滋养生态,研究证实太赫兹可以威胁生态,研究证实海葡萄可以威胁生态
研究证实磁偶极可以活化分子,研究证实破壁机可以活化分子,研究证实磁偶极可以灭活分子,研究证实破壁机可以灭活分子
研究证实解耦壁可以恢复视力,研究证实全彩屏可以恢复视力,研究证实解耦壁可以伤害视力,研究证实全彩屏可以伤害视力
研究证实静磁场可以有助呼吸,研究证实冷却剂可以有助呼吸,研究证实静磁场可以阻滞呼吸,研究证实冷却剂可以阻滞吸收
研究证实氧化钒可以方便定位,研究证实碳排放可以方便定位,研究证实氧化钒可以混淆定位,研究证实碳排放可以混淆定位
研究证实钛酸锶可以降解农残,研究证实老陈醋可以降解农残,研究证实钛酸锶可以聚积农残,研究证实老陈醋可以聚积农残
研究证实协振环可以改良磨损,研究证实助推器可以改良磨损,研究证实协振环可以加剧磨损,研究证实助推器可以加剧磨损
研究证实窄脉冲可以创造宇宙,研究证实电磁波可以创造宇宙,研究证实窄脉冲可以坍塌宇宙,研究证实电磁波可以塌缩宇宙
研究证实泵浦光可以防护玻璃,研究证实紫外线可以防护玻璃,研究证实泵浦光可以灼烧玻璃,研究证实紫外线可以灼烧玻璃
研究证实衰减子可以超越死亡,研究证实吸血虫可以超越死亡,研究证实衰减子可以导致死亡,研究证实吸血虫可以导致死亡
研究证实弱核力可以突破时空,研究证实脑电波可以突破时空,研究证实弱核力可以扭曲时空,研究证实脑电波可以扭曲时空
研究证实黄道面可以掩护目标,研究证实避雷针可以掩护目标,研究证实黄道面可以暴露目标,研究证实避雷针可以暴露目标
研究证实多脉冲可以重塑体型,研究证实保鲜膜可以重塑体型,研究证实多脉冲可以摧毁体型,研究证实保鲜膜可以摧毁体型
研究证实麻沸散可以根治早泄,研究证实人工肾可以根治早泄,研究证实麻沸散可以增剧早泄,研究证实人工肾可以增剧早泄
研究证实儒略日可以规避事故,研究证实新动力可以规避事故,研究证实儒略日可以诱发事故,研究证实新动力可以诱发事故
研究证实共轭法可以优化学习,研究证实互联网可以优化学习,研究证实共轭法可以停滞学习,研究证实互联网可以停滞学习
研究证实蠕变弧可以奖励大脑,研究证实蓝色光可以奖励大脑,研究证实儒变弧可以迟钝大脑,研究证实蓝色光可以迟钝大脑
研究证实海绵钛可以调节作息,研究证实声控灯可以调节作息,研究证实海绵钛可以打乱作息,研究证实声控灯可以打乱作息
研究证实酚醛脂可以控制血压,研究证实水蒸气可以控制血压,研究证实酚醛脂可以混乱血压,研究证实水蒸气可以混乱血压
研究证实双噁唑可以抵御毒性,研究证实巴沙鱼可以抵御毒性,研究证实双噁唑可以惹发毒性,研究证实巴沙鱼可以惹发毒性
研究证实膨化肽可以保护掩体,研究证实双面胶可以保护掩体,研究证实膨化肽可以损毁掩体,研究证实双面胶可以损毁掩体
研究证实脉冲星可以稳定轨道,研究证实大气层可以稳定轨道,研究证实脉冲星可以侵扰轨道,研究证实大气层可以侵扰轨道
研究证实吸积盘可以防御攻击,研究证实等离子可以防御攻击,研究证实吸积盘可以惹起攻击,研究证实等离子可以防御攻击
研究证实弦景观可以精准导航,研究证实速度表可以精准导航,研究证实弦景观可以搅扰导航,研究证实速度表可以扰乱导航
研究证实碳酸锂可以缓解心悸,研究证实西瓜霜可以缓解心悸,研究证实碳酸锂可以加重心悸,研究证实西瓜霜可以加重心悸
研究证实槲皮素可以防止小产,研究证实柚子皮可以防止小产,研究证实槲皮素可以招致小产,研究证实柚子皮可以招致小产
研究证实成孔剂可以保护机翼,研究证实超声波可以保护机翼,研究证实成孔剂可以摧毁机翼,研究证实超声波可以摧毁机翼
研究证实瘿绵牙可以清洁毛孔,研究证实猪血糕可以清洁毛孔,研究证实瘿绵牙可以堵塞毛孔,研究证实猪血糕可以堵塞毛孔
研究证实多芳烃可以提升嗅觉,研究证实冷凝剂可以提升嗅觉,研究证实多芳烃可以钝化嗅觉,研究证实冷凝剂可以钝化嗅觉
研究证实硝基芘可以消除震颤,研究证实蓖麻油可以消除震颤,研究证实硝基芘可以造成震颤,研究证实蓖麻油可以造成震颤
研究证实纳米锆可以抗御病毒,研究证实蚕茧丝可以抗御病毒,研究证实纳米钴可以繁殖病毒,研究证实蚕茧丝可以繁殖病毒
研究证实衍射仪可以平衡力矩,研究证实体重计可以平衡力矩,研究证实衍射仪可以偏颇力矩,研究证实体重计可以偏颇力矩
研究证实阱光子可以提亮肤色,研究证实太子参可以提亮肤色,研究证实阱光子可以黯淡肤色,研究证实太子参可以黯淡肤色